                  epoch,         train/box_loss,         train/cls_loss,         train/dfl_loss,   metrics/precision(B),      metrics/recall(B),       metrics/mAP50(B),    metrics/mAP50-95(B),           val/box_loss,           val/cls_loss,           val/dfl_loss,                 lr/pg0,                 lr/pg1,                 lr/pg2
                    205,                 1.2216,                0.70317,                 0.9538,                0.78793,                0.63033,                 0.7207,                 0.4179,                 1.1616,                0.73164,                 1.0988,              0.0079804,              0.0079804,              0.0079804
                    206,                  1.189,                0.67759,                 0.9766,                0.79666,                 0.6349,                0.72695,                0.41938,                 1.1563,                0.72503,                 1.0952,              0.0079705,              0.0079705,              0.0079705
                    207,                 1.1514,                0.67428,                0.91752,                0.78755,                0.63864,                0.73235,                0.41798,                 1.1614,                 0.7485,                 1.0895,              0.0079606,              0.0079606,              0.0079606
                    208,                 1.1034,                0.65317,                0.95839,                0.79743,                0.63079,                0.73052,                0.42479,                 1.1334,                0.73896,                  1.083,              0.0079507,              0.0079507,              0.0079507
                    209,                 1.1375,                 0.6708,                0.93302,                0.77306,                 0.6491,                0.72892,                0.42467,                 1.1484,                0.72817,                 1.0912,              0.0079408,              0.0079408,              0.0079408
