{"initial_reset_timestamp": 1680544999.711617, "timestamps": [1680545003.964041], "episode_lengths": [14], "episode_rewards": [14.0], "episode_types": ["t"]}