{"initial_reset_timestamp": 1680047931.403724, "timestamps": [1680047932.078296], "episode_lengths": [19], "episode_rewards": [19.0], "episode_types": ["t"]}